<?xml version="1.0" encoding="utf-8"?>
<rss version="2.0" xmlns:dc="http://purl.org/dc/elements/1.1/" xmlns:content="http://purl.org/rss/1.0/modules/content/">
    <channel>
        <title>CODEGATE 2023 Music Player</title>
        <link>undefined</link>
        <description>Feel free to listen to some cool songs while playing the CTF.</description>
        <lastBuildDate>Sun, 28 May 2023 08:06:22 GMT</lastBuildDate>
        <docs>https://validator.w3.org/feed/docs/rss2.html</docs>
        <generator>https://github.com/jpmonette/feed</generator>
        <language>en</language>
        <item>
            <title>Hatsune Miku - World is Mine (TF Remix)</title>
            <guid>3</guid>
            <id>3</id>
            <pubDate>Sun, 28 May 2023 01:05:30 GMT</pubDate>
            <description><![CDATA[TF Remix by @TheFalloXx]]></description>
            <content:encoded><![CDATA[<h2 id="links">Links</h2>
<ul>
<li>SoundCloud: <a href="https://soundcloud.com/tfmusicofficial">@tfmusicofficial</a></li>
<li>YouTube: <a href="https://www.youtube.com/user/TheFalloXx">@thefalloxx</a></li>
</ul>]]></content:encoded>
            <enclosure length="0" type="audio/mpeg" url="/api/stream/https:%2f%2ffe.gy%2fcopyright-free-content%2fmiku.mp3"/>
        </item>
        <item>
            <title>Naruto Shippuden - Blue Bird (Melody)</title>
            <guid>2</guid>
            <id>2</id>
            <pubDate>Sun, 28 May 2023 04:06:22 GMT</pubDate>
            <description><![CDATA[Melody Mix by @djahmusic]]></description>
            <content:encoded><![CDATA[<h2 id="Links">Links</h2>
<ul>
<li>SoundCloud: <a href="https://soundcloud.com/dj-a-h">@dj-a-h</a></li>
<li>YouTube: <a href="https://www.youtube.com/user/djahmusic">@djahmusic</a></li>
</ul>]]></content:encoded>
            <enclosure length="0" type="audio/mpeg" url="/api/stream/https:%2f%2ffe.gy%2fcopyright-free-content%2fbluebird.mp3"/>
        </item>
        <item>
            <title><![CDATA[Kotori - Aoba (VIP)]]></title>
            <guid>1</guid>
            <id>1</id>
            <pubDate>Sun, 28 May 2023 01:31:33 GMT</pubDate>
            <description><![CDATA[Original Remix by @imkotori]]></description>
            <content:encoded><![CDATA[<h2 id="Links">Links</h2>
<ul>
<li>SoundCloud: <a href="https://soundcloud.com/imkotori">@imkotori</a></li>
<li>YouTube: <a href="https://www.youtube.com/c/Kotorimusic">@Kotorimusic</a></li>
</ul>]]></content:encoded>
            <enclosure length="0" type="audio/mpeg" url="/api/stream/https:%2f%2ffe.gy%2fcopyright-free-content%2faoba.mp3"/>
        </item>
    </channel>
</rss>
